Summary,Text,Location
Local startup raises record funding,A Phoenix-based startup has secured $5 million in seed funding to expand its innovative product line.,Phoenix
Mesa tech company announces new hiring spree,NexGen Solutions is hiring 200 employees in Mesa for AI development.,Mesa
Chandler mall attracts new international brands,"Chandler Mall has added high-end international retail brands, enhancing its appeal.",Chandler
Glendale sees record real estate sales,"Glendale’s commercial real estate sales rose by 30%, driven by tech firm expansions.",Glendale
Avondale introduces small business grants,Avondale City Council announced grants to help small businesses recover post-pandemic.,Avondale
Celebrity chef opens new restaurant in LA,Chef Mario Johnson opened a new upscale restaurant in Los Angeles with modern Italian cuisine.,Los Angeles
Broadway stars perform in Pasadena,"Broadway stars will perform in Pasadena, bringing classic and modern hits to audiences.",Pasadena
Film festival returns to Burbank,"The Burbank International Film Festival returns, screening global independent films.",Burbank
Street art exhibit debuts in Santa Monica,Santa Monica hosts a vibrant street art exhibit featuring local and international graffiti artists.,Santa Monica
Glendale hosts live jazz concert series,Glendale’s jazz concert series begins with musicians from across the country.,Glendale
Tempe food festival highlights local flavors,"Tempe's food festival showcases local cuisine, with dozens of restaurants and food trucks.",Tempe
Scottsdale café introduces new seasonal menu,"A Scottsdale café offers a new menu featuring fresh, locally-sourced ingredients.",Scottsdale
Chula Vista farmers market opens,Chula Vista welcomes a farmers market with organic produce and artisanal foods.,Chula Vista
New vegan restaurant in San Diego gaining popularity,A vegan eatery in San Diego is attracting foodies with plant-based dishes.,San Diego
Blue Diamond brewery launches craft beer line,Blue Diamond’s new brewery introduces a series of locally inspired craft beers.,Blue Diamond
Chandler hosts family-friendly park day,"Chandler's City Park hosts a family event with games, entertainment, and parenting resources.",Chandler
Parenting workshop held in Surprise,Surprise City Hall offers a free workshop on effective parenting strategies.,Surprise
New educational play center opens in Glendale,Glendale’s new play center combines learning and fun with interactive activities for kids.,Glendale
Peoria library offers storytime for toddlers,Peoria Public Library introduces a storytime event promoting literacy for young children.,Peoria
Tempe daycare receives excellence award,A daycare in Tempe has won an award for its educational environment and dedication to safety.,Tempe
Phoenix mayor unveils new climate action plan,Phoenix’s mayor announced a climate action plan aiming to cut emissions by 40% by 2030.,Phoenix
Las Vegas City Council debates new housing bill,Las Vegas council debates a housing bill aimed at affordability in the city.,Las Vegas
Mesa voters head to the polls for local election,Mesa holds local elections with key issues including education and infrastructure.,Mesa
Pasadena representative introduces education reform bill,A Pasadena congressman introduces a bill focused on K-12 education funding.,Pasadena
Chandler hosts immigration policy debate,Political leaders gather in Chandler to discuss immigration policy reforms.,Chandler
Phoenix Suns to face Los Angeles Lakers,The Phoenix Suns will play the Los Angeles Lakers in a playoff game this weekend.,Phoenix
Tempe hosts annual youth soccer tournament,"Over 50 youth teams compete in Tempe’s tournament, fostering sportsmanship and competition.",Tempe
Las Vegas marathon attracts international runners,"Las Vegas Marathon attracts runners globally, making it the largest race in Nevada.",Las Vegas
Glendale opens new skate park for youth,Glendale has unveiled a state-of-the-art skate park for youth and sports enthusiasts.,Glendale
San Diego Padres win first home game of the season,"The San Diego Padres won their home opener, starting the season with a victory.",San Diego
Scottsdale hosts annual fashion show,"Scottsdale's fashion show draws designers and models, showcasing the latest trends.",Scottsdale
Glendale launches eco-friendly beauty salon,Glendale’s newest salon offers eco-friendly products for sustainable beauty.,Glendale
New luxury spa opens in Santa Monica,A luxury spa in Santa Monica offers relaxation and beauty services in a serene environment.,Santa Monica
Pasadena beauty fair features local artisans,Pasadena’s beauty fair showcases organic skincare and handmade jewelry by local artisans.,Pasadena
San Diego barber offers sustainable grooming,A top-rated barber in San Diego offers eco-conscious grooming services.,San Diego
Popular travel destination La Jolla reopens beach access,"La Jolla reopens its beaches, allowing locals and tourists to enjoy its coastal views.",La Jolla
New hiking trails open near Las Vegas,"New trails open near Las Vegas, offering stunning desert views for outdoor enthusiasts.",Las Vegas
Phoenix launches free public bike-sharing program,"Phoenix’s bike-sharing program offers a free, eco-friendly way to explore the downtown area.",Phoenix
Scottsdale welcomes record number of tourists,Scottsdale sets a new tourist record with festivals and outdoor activities.,Scottsdale
Summerlin South promotes wellness tourism,"Summerlin South promotes wellness tourism with retreats, spas, and relaxation activities.",Summerlin South
Tempe yoga studio offers free community classes,A yoga studio in Tempe provides free classes to promote wellness and mindfulness.,Tempe
New mental health center opens in Henderson,Henderson’s new mental health center offers counseling and stress management resources.,Henderson
Wellness retreat launched in Paradise,A new wellness retreat in Paradise offers activities focused on relaxation and self-care.,Paradise
Scottsdale promotes meditation as part of wellness initiative,Scottsdale introduces a city-wide meditation initiative for mental well-being.,Scottsdale
Glendale hospital opens holistic wellness center,Glendale's hospital now offers a holistic wellness center for mental and physical health therapies.,Glendale
Global climate summit held in Los Angeles,Los Angeles hosts a climate summit addressing global environmental challenges and solutions.,Los Angeles
Phoenix international school celebrates diversity,A Phoenix international school celebrates cultural diversity with events from 20 countries.,Phoenix
Political leaders gather in Las Vegas for peace talks,Las Vegas hosts peace talks with leaders from various nations discussing conflict resolutions.,Las Vegas
Refugee aid conference held in Glendale,Glendale hosts a global refugee aid conference discussing humanitarian aid and resources.,Glendale
San Diego marks international ocean cleanup day,"San Diego volunteers gather for an ocean cleanup, joining global pollution reduction efforts.",San Diego
